[
  { "date": "2026-01-01", "name": "New Year's Day" },
  { "date": "2026-02-02", "name": "Saint Brigid's Day" },
  { "date": "2026-03-17", "name": "Saint Patrick's Day" },
  { "date": "2026-04-06", "name": "Easter Monday" },
  { "date": "2026-05-04", "name": "May Bank Holiday" },
  { "date": "2026-06-01", "name": "June Bank Holiday" },
  { "date": "2026-08-03", "name": "August Bank Holiday" },
  { "date": "2026-10-26", "name": "October Bank Holiday" },
  { "date": "2026-12-25", "name": "Christmas Day" },
  { "date": "2026-12-26", "name": "Saint Stephen's Day" }
]
