[
  { "date": "2026-01-01", "name": "Año Nuevo" },
  { "date": "2026-01-06", "name": "Epifanía del Señor" },
  { "date": "2026-04-02", "name": "Jueves Santo" },
  { "date": "2026-04-03", "name": "Viernes Santo" },
  { "date": "2026-05-01", "name": "Fiesta del Trabajo" },
  { "date": "2026-08-15", "name": "Asunción de la Virgen" },
  { "date": "2026-10-12", "name": "Fiesta Nacional de España" },
  { "date": "2026-11-02", "name": "Todos los Santos" },
  { "date": "2026-12-06", "name": "Día de la Constitución" },
  { "date": "2026-12-08", "name": "Inmaculada Concepción" },
  { "date": "2026-12-25", "name": "Natividad del Señor" }
]
